FirstName, LastName, Gender, BirthDate, Address, City, State, Zip, Phone
Connor Moreno,Gregory Pope,Female,07-28-2068,824 Medof Glen,Nimhorrad,NM,08718,(706) 794-3955
Clifford Allison,Albert Gomez,Male,05-01-1988,86 Honiz Heights,Cukivkej,KY,87407,(911) 316-1465
Jim Wade,Mario Powers,Male,01-11-2052,244 Vewa Lane,Ahnikso,NV,83082,(511) 529-1047
Scott Bailey,Jesse West,Male,07-16-2029,1112 Biuni Park,Vumodtu,IN,78242,(886) 579-6133
Ralph Campbell,Mollie Hart,Male,10-23-2022,553 Nilkol Parkway,Komuir,UT,65396,(610) 962-6419
Anne Brock,Dustin Hart,Female,05-05-2030,551 Erefab Parkway,Ickaboj,IL,22384,(270) 941-8262
Darrell Brady,Amanda Conner,Female,10-10-1970,1638 Peit Pass,Kaiwnas,TX,03545,(603) 426-4065
Derrick Kim,Louis Anderson,Female,12-12-1923,280 Ruwih Center,Zimhilase,NJ,18478,(763) 273-2531
Timothy Walker,Inez Garner,Female,11-11-1940,1359 Sopilo Key,Vubtotak,CA,07370,(573) 620-4918
Jane Campbell,Leona West,Male,11-20-1913,1211 Vigror Boulevard,Jekajbiz,DE,75578,(279) 610-3967
Katherine Ramos,Alma Wright,Female,03-06-1914,912 Egje Key,Ohtoudi,PA,11973,(802) 276-2147
Lee Mitchell,Luella Todd,Female,04-22-1943,114 Monfef Highway,Ciihhog,NC,69509,(209) 709-9308
Clyde Massey,Brent Cruz,Male,04-15-2003,703 Adizov Loop,Pemoguw,SC,76789,(430) 698-9083
Carlos Stephens,Noah West,Female,11-15-2066,1356 Tagka Trail,Nekuaba,SD,31654,(612) 232-7313
Theodore Gonzalez,Evelyn Barber,Female,09-14-2003,1730 Uwcid Highway,Otefuanu,AL,49626,(701) 401-8008
Travis Wade,Gerald Townsend,Male,05-20-1922,834 Mekuw Junction,Higbevjih,NY,55071,(911) 281-7530
Howard Bridges,Shawn Snyder,Female,06-04-1908,702 Minge Manor,Mecapvi,DC,78351,(772) 472-3517
Ina Craig,Lester Chandler,Male,09-16-2016,1975 Febek Lane,Pojibohi,UT,43920,(201) 981-7400
Emma Wilson,Beulah Young,Female,12-28-2028,128 Ivebol Terrace,Hougzu,NH,82586,(223) 676-4218
Eleanor Robinson,Clara Clarke,Male,10-15-2053,99 Fiag Court,Ladkezle,WI,95453,(508) 865-6684
Viola Waters,Jason Murphy,Male,01-10-1916,121 Lejdas Extension,Iwakirme,IL,47745,(648) 372-8401
Melvin Carr,Aiden Gilbert,Male,11-14-2057,867 Samgiw Extension,Woiwiek,HI,62236,(280) 876-6727
Lydia King,Helen Chavez,Male,09-24-1958,1223 Sufa Junction,Wivupiase,CO,89750,(507) 841-6375
Edna Lawson,Julian Huff,Female,01-03-1920,1001 Fawa Drive,Kudvegin,MN,48667,(480) 632-5440
Randall Terry,Manuel Hardy,Male,10-08-2045,1033 Fika Plaza,Gozelji,VT,15793,(587) 202-8464
Gavin Stevenson,Mayme Sullivan,Female,08-29-2063,1757 Jobaho Heights,Jamuwa,PA,08340,(704) 361-1322
Albert Berry,Ruth Love,Female,10-17-2001,745 Hekbil Circle,Ditdofu,AR,42941,(578) 821-3927
Marguerite Watson,Shawn Parsons,Male,04-29-2052,365 Colnak Glen,Irekutudo,IL,47025,(681) 504-7439
Louis Smith,Cory Hodges,Male,02-12-1931,1420 Hecoh Highway,Petlinne,MS,53010,(434) 731-6257
Isaiah Burton,Derek Parsons,Female,10-06-2048,396 Bacob Pass,Getofwaf,TN,98052,(557) 728-2107
Leon King,Andre Hamilton,Female,01-06-1987,842 Diasa Place,Mogecwa,PA,67842,(688) 294-5620
Mabelle Hudson,Clyde Delgado,Female,07-21-2022,1414 Rohaw Boulevard,Siviwafi,RI,13577,(689) 440-6659
Donald Price,Dollie Atkins,Male,10-15-2017,514 Umagek View,Dozargup,WY,69611,(373) 553-2502
Sara Schmidt,Elsie Richardson,Female,05-10-1929,739 Apupa Lane,Eniojer,RI,06543,(215) 571-5540
Miguel Logan,John Fox,Female,07-06-2051,1213 Dudicu View,Apibano,AK,04479,(751) 227-2450
Mary Warren,Thomas Montgomery,Female,07-17-2057,589 Weni Pass,Bakakut,KS,23129,(806) 282-6429
Adelaide Chapman,Jorge Thomas,Male,08-03-1915,1826 Fowubo Center,Judnisne,VT,46847,(411) 931-5276
Sally Roberts,Rosa Sims,Female,09-29-1939,191 Nimiwa Circle,Voazodo,NJ,64277,(934) 934-2507
Kevin Howard,Richard Henderson,Male,07-27-2021,1412 Kujep Court,Apuuppoj,WV,42493,(885) 847-8512
Jeffrey Gutierrez,Ray Todd,Male,06-18-1956,671 Mojip River,Vojberbed,MD,82465,(607) 489-9748
Alma Bridges,Raymond Cooper,Male,03-07-1991,1476 Lugug Point,Noersu,PA,52452,(603) 750-7539
Elijah Pearson,Bernard Kim,Male,11-16-1982,1004 Uwisu Trail,Molozoc,ME,10486,(256) 973-5791
Maud Underwood,Mina Brock,Female,10-13-1941,1924 Nirjop Junction,Ewizovaj,HI,25784,(537) 404-8085
Stella Pierce,Elijah Blake,Male,10-15-1966,1614 Irzob Ridge,Minusgot,VA,20266,(404) 402-1771
Antonio Webster,Don Olson,Female,03-06-1967,177 Ores Plaza,Kofapaf,WY,95497,(902) 371-3402
Maude Clark,Gertrude Bradley,Male,03-21-1930,448 Zujte Point,Birlokub,GA,61155,(368) 683-9202
Roger Jordan,Leona Henderson,Female,12-03-2017,1939 Lulubu Pike,Licozoj,VT,39192,(665) 949-9045
Henrietta Mann,Troy Blair,Male,09-14-1979,1147 Arvag Pike,Vatarem,VT,42339,(768) 340-4413
Nicholas Soto,Joe Simpson,Female,12-10-2062,31 Tode Mill,Moogeja,NV,63782,(527) 714-8142
Gussie Hodges,Chester Lopez,Female,03-09-2002,1634 Watbuk Manor,Ulemeniz,WV,08023,(987) 748-9810
Victor Williamson,Pearl Carter,Female,08-07-1945,137 Tudi River,Mecujuc,MD,39540,(966) 764-9193
Chad Holloway,Olivia Tran,Male,09-06-2019,850 Enifoh Park,Ebfofta,DC,21813,(602) 484-1068
Anthony Clarke,Esther Dixon,Female,10-16-1959,955 Jehus Drive,Ovekinzu,NV,82248,(832) 417-3953
James Douglas,Earl Brewer,Female,10-13-2041,508 Leka Place,Talnetpas,PA,49588,(629) 391-7667
Madge Sanders,Sarah Ray,Female,10-14-1923,213 Inhem Boulevard,Fihadoge,AZ,84242,(864) 559-4250
Winifred Larson,Catherine Carson,Female,05-03-1941,1185 Samrev Turnpike,Kopfoffes,NV,69861,(920) 852-8066
Lola Holmes,Nellie Anderson,Male,04-27-2015,1756 Luice Avenue,Wapsacsoc,WV,46733,(765) 430-8494
Amelia McCormick,Alice Nelson,Male,10-03-1902,1794 Vomja Loop,Misufpor,PA,00860,(657) 877-5933
Douglas Cunningham,Amelia Horton,Female,05-24-1947,65 Zabfi Manor,Enijauz,IA,42627,(277) 476-5068
Ray Willis,Polly Soto,Male,02-23-2029,1749 Rewaf Circle,Rosvukic,OK,98190,(987) 386-4607
Lottie Baldwin,Cory Lucas,Male,08-09-1982,535 Nabal Glen,Kuipead,MA,57484,(709) 691-7433
Ellen Schultz,Minnie Roy,Male,09-29-2013,745 Woji Ridge,Ciruaja,WY,13288,(204) 375-1902
Hunter Miller,Luis Wolfe,Female,01-21-2045,325 Navbu Point,Birilsis,WV,12495,(652) 952-1209
Anthony Logan,Clifford Sherman,Male,05-02-2048,1627 Jeeza Lane,Merahin,NJ,75695,(204) 254-8843
Blake Mack,Frank McGee,Male,08-19-1932,566 Zudjij Trail,Pabope,WA,82683,(409) 263-9465
Evan Larson,Lura Mack,Female,06-22-2006,1876 Pian Manor,Owuruiha,TN,20670,(669) 794-9675
Gabriel Adkins,Lucille Palmer,Male,09-21-2023,1789 Tiodu Parkway,Fivudo,WV,69525,(808) 619-1451
Frances Wilson,Micheal Burton,Male,01-31-1950,1510 Atajo Mill,Ucoklo,MN,16970,(283) 352-5549
Alvin Schneider,Don Lewis,Female,02-16-1976,223 Faiv Heights,Dewzuso,FL,21254,(768) 822-9247
Darrell Frank,Travis Estrada,Female,02-05-2039,1785 Ikzoh Manor,Ivajurif,NE,20025,(919) 393-1408
Mary McBride,Mollie Holloway,Male,11-07-2063,1612 Bakzo Plaza,Fubujzu,NV,60914,(264) 468-4452
Nelle Maxwell,Adrian Ortiz,Female,02-28-1951,594 Kersac Pike,Agonorjul,MD,15235,(203) 781-3458
Sarah Marsh,Mabelle Goodman,Male,10-21-2047,661 Ceic Road,Ojfidofi,AK,16383,(765) 366-6229
Bobby Becker,Adele Butler,Female,06-12-2050,1497 Lonozi View,Zogupil,MN,04925,(906) 575-3104
Hallie Hines,Tyler Munoz,Female,04-23-1967,698 Jojmig View,Ukbeset,OK,98378,(847) 704-4303
Floyd Mitchell,Nathaniel Wilson,Female,06-26-2021,1212 Pevo Court,Edpatas,SD,81876,(240) 616-9035
Teresa Hammond,Fannie Martinez,Female,11-15-1958,1017 Uztad Pass,Racive,FL,65756,(455) 317-4490
Ina Peters,Sarah Hart,Female,08-31-2050,762 Cotfu Avenue,Uvacewpe,CA,20444,(983) 320-7469
Bessie Ball,Tony Watson,Male,12-15-2026,1709 Lasu Square,Sahhonges,IL,84371,(819) 579-2048
Jackson Moore,Lloyd Casey,Female,01-06-1967,1466 Osigiz Trail,Sahwawdu,NM,83868,(529) 638-8210
Polly Holloway,Anthony Garrett,Female,10-26-2007,1323 Veskar Lane,Cetocevo,SC,82712,(262) 832-5551
Lucas McBride,Carl Chavez,Male,08-07-1965,16 Huluw Pass,Ralecer,NJ,49760,(675) 327-9668
Anthony Moreno,Phoebe Fleming,Female,03-03-2056,521 Hudig Pass,Wahosci,IA,82859,(523) 654-5146
Harry Greer,Glenn Pratt,Female,02-13-1976,1557 Mima Park,Jotekiz,NY,30111,(870) 748-5098
Lawrence Ramsey,Ida Guerrero,Male,07-08-1967,443 Tafuj Park,Girozfe,NM,40139,(681) 745-2642
Elsie Rhodes,Ryan Berry,Female,08-30-1917,1839 Vodli Turnpike,Berizfu,RI,70343,(569) 686-2682
Eugene Haynes,Blanche Chavez,Female,07-15-2003,1368 Saaca Extension,Pacofo,CO,25193,(833) 562-3065
Bryan Newman,Mark Willis,Female,04-17-2056,149 Ifov Center,Jogcivek,OK,31313,(602) 290-7974
Rosetta Aguilar,Amy Pope,Male,04-01-1960,132 Fuahu Drive,Ligejrub,WA,15723,(974) 801-6778
Martin Marshall,Ethan Wade,Male,10-05-1930,1031 Oduk Point,Viobto,WI,94433,(330) 743-5453
Cameron Montgomery,Ellen Hernandez,Male,12-03-1926,1423 Meicu Key,Ahajejuh,SD,01146,(814) 205-5395
Nora Lamb,Isabella Ross,Female,08-24-2051,1826 Utios Way,Feumne,ME,15098,(889) 873-5759
Allen Lindsey,Jean Torres,Female,03-25-2068,850 Ogove Pike,Upbiuze,NM,84844,(310) 329-9154
Joel Lindsey,Ricky Fernandez,Male,02-16-1946,666 Gozar Parkway,Gawitave,DC,71800,(524) 389-6138
Della Drake,Cora Barber,Female,06-22-1981,1782 Ituci Park,Lomizev,AZ,30767,(842) 767-7697
Clayton Simmons,Sylvia Larson,Female,04-30-1960,1256 Apno Pike,Ofutapav,UT,74983,(223) 236-2457
Millie Harper,Rosa Myers,Female,05-27-2009,1071 Lalpus Grove,Dijomecak,DC,63013,(544) 842-3159
Genevieve Curry,May Gray,Male,04-23-2056,1782 Damjof Park,Bubfejwez,NJ,76967,(615) 712-6228
Joseph Medina,Cynthia Cross,Male,09-30-2054,817 Anmo Parkway,Juftuecu,ME,75640,(262) 956-4794
Glenn Wallace,John Robbins,Female,04-26-1925,1795 Wusren Park,Cizapfuz,DE,00074,(759) 805-2157
